{"cameraMode":{"drawMode":0,"name":"Shaded","section":"Shading Mode"},"sceneLighting":true,"audioPlay":false,"sceneViewState":{"showFog":true,"showMaterialUpdate":false,"showSkybox":true,"showFlares":true,"showImageEffects":true,"showParticleSystems":true},"in2DMode":false,"pivot":{"x":-44.121368408203128,"y":-9.261861801147461,"z":-64.0328369140625},"rotation":{"x":0.012803860008716584,"y":-0.9862000942230225,"z":0.09198230504989624,"w":0.13723449409008027},"size":39.95090866088867,"orthographic":false}