{"cameraMode":{"drawMode":0,"name":"Shaded","section":"Shading Mode"},"sceneLighting":true,"audioPlay":false,"sceneViewState":{"showFog":true,"showMaterialUpdate":false,"showSkybox":true,"showFlares":true,"showImageEffects":true,"showParticleSystems":true},"in2DMode":false,"pivot":{"x":20.515094757080079,"y":-51.72370147705078,"z":91.65369415283203},"rotation":{"x":0.2539636790752411,"y":0.19846096634864808,"z":-0.05332660302519798,"w":0.9451514482498169},"size":60.70954132080078,"orthographic":false}