{"cameraMode":{"drawMode":0,"name":"Shaded","section":"Shading Mode"},"sceneLighting":true,"audioPlay":false,"sceneViewState":{"showFog":true,"showMaterialUpdate":false,"showSkybox":true,"showFlares":true,"showImageEffects":true,"showParticleSystems":true},"in2DMode":false,"pivot":{"x":-19.014095306396486,"y":-5.570981502532959,"z":-12.511175155639649},"rotation":{"x":-0.03828047588467598,"y":0.9603115916252136,"z":-0.22010473906993867,"w":-0.16701890528202058},"size":10.0,"orthographic":false}