{"cameraMode":{"drawMode":0,"name":"Shaded","section":"Shading Mode"},"sceneLighting":true,"audioPlay":false,"sceneViewState":{"showFog":true,"showMaterialUpdate":false,"showSkybox":true,"showFlares":true,"showImageEffects":true,"showParticleSystems":true},"in2DMode":false,"pivot":{"x":-13.12511920928955,"y":-3.387918472290039,"z":-8.251689910888672},"rotation":{"x":0.012858583591878415,"y":0.9743492603302002,"z":-0.2171773910522461,"w":0.05766628310084343},"size":7.244753360748291,"orthographic":false}